{"cameraMode":{"drawMode":0,"name":"Shaded","section":"Shading Mode"},"sceneLighting":true,"audioPlay":false,"sceneViewState":{"showFog":true,"showMaterialUpdate":true,"showSkybox":false,"showFlares":true,"showImageEffects":true,"showParticleSystems":true},"in2DMode":false,"pivot":{"x":44.82709503173828,"y":-68.7150650024414,"z":93.72203063964844},"rotation":{"x":-0.11101046949625015,"y":-0.12964452803134919,"z":0.014610360376536847,"w":-0.9852312803268433},"size":154.33815002441407,"orthographic":false}